title,score,url,proposal
,0.18,,"Hi, I'm experienced in LangChain chatbot systems..."
job_title,job_url,description,proposal,score,distance,timestamp
LangChain Chatbot Developer,https://upwork.com/job/1,Develop and optimize a chatbot using LangChain.,"Hi, I'm experienced in LangChain chatbot systems...",0.18,1.27,2025-06-04T17:55:50.356602
None...,,,"Hi, I'm experienced in LangChain chatbot systems...",?,?,2025-06-04T18:11:48.299229
None...,,,"Hi, I'm experienced in LangChain chatbot systems...",?,?,2025-06-04T18:11:57.069992
None...,,,"Hi, I'm experienced in LangChain chatbot systems...",?,?,2025-06-04T18:12:27.078016
LangChain Chatbot Developer,https://upwork.com/job/1,Build a chatbot using LangChain and OpenAI.,"ðŸ§  Proposal for GenAI agent:
Hi, I'm experienced in building LangChain/RAG pipelines and can help you develop the AI system for 'LangChain Chatbot Developer'.",?,?,2025-06-04T18:39:33.825504


Web Developer Needed for E-commerce Site,http://example.com/job1,I have extensive experience in developing e-commerce websites using the latest web technologies. My portfolio includes several successful projects that have improved sales and customer engagement for my clients. I am confident in delivering a high-quality site that meets your needs.,applied
Graphic Designer for Brand Identity,http://example.com/job2,"As a seasoned graphic designer, I specialize in creating compelling brand identities that resonate with target audiences. My approach is centered around understanding your brand values and translating them into visual elements that stand out. I'm eager to bring your brand vision to life.",applied
Mobile App Developer for Health & Fitness App,http://example.com/job3,"With a robust background in developing mobile applications, particularly in the health and fitness sector, I am equipped to create a dynamic and user-friendly app that meets your specifications. My work emphasizes seamless user experiences and innovative features that engage and retain users.",applied
LangChain application for personalized AI-driven recommendations,https://example.com/job/langchain-application,"Dear [Client's Name], I hope this message finds you well. I am writing to express my interest in your project titled 'LangChain application for personalized AI-driven recommendations.' With my expertise in LangChain, Retrieval-Augmented Generation (RAG), and no-code tools, I am confident in my ability to deliver a high-quality solution tailored to your needs. In today's rapidly evolving digital landscape, personalized recommendations are crucial for enhancing user engagement and satisfaction. My approach involves leveraging LangChain to build robust, scalable, and intelligent systems that can provide tailored recommendations based on user data and preferences. By integrating RAG, I can ensure that the system generates accurate and contextually relevant suggestions, enhancing the overall user experience. Moreover, my proficiency with no-code tools allows for rapid prototyping and deployment, ensuring that you receive a functional product in a timely manner without compromising on quality. This approach also facilitates easy adjustments and scaling as your requirements evolve. I am enthusiastic about the opportunity to collaborate with you and contribute to the success of your project. Please feel free to reach out to discuss your specific requirements in more detail. I am eager to bring your vision to life with precision and excellence. Thank you for considering my proposal. I look forward to the possibility of working together. Warm regards, [Your Name] [Your Contact Information]",applied
Untitled Project,http://example.com/untitled-project,"Hi, I'm experienced in building LangChain/RAG pipelines and can help you develop the AI system for 'Untitled Project'.",applied
